vac_sus_dose1,vac_herd_dose_1,inf_dose_1,dead_dose_1,hosp_dose_1,icu_dose_1,vac_sus_dose_2,vac_herd_dose_2,inf_dose_2,dead_dose_2,hosp_dose_2,icu_dose_2,inf_n_vac,dead_n_vac,hosp_n_vac,icu_n_vac
0,0,0,0,0,0,5456,532,13,0,0,1,8,1,0,0
0,0,0,0,0,0,5434,546,56,0,1,0,41,1,0,2
0,0,0,0,0,0,5489,539,0,0,1,0,1,0,0,0
0,0,0,0,0,0,5468,525,195,0,7,2,217,1,0,4
0,0,0,0,0,0,5419,538,6,0,0,0,4,0,0,0
0,0,0,0,0,0,5472,533,21,0,0,0,13,0,0,1
1,0,1,1,0,0,5501,532,197,0,5,0,206,2,2,3
0,0,0,0,0,0,5440,507,72,0,3,0,85,0,2,0
1,0,1,1,1,0,5453,549,228,0,4,1,325,1,5,1
0,0,0,0,0,0,5465,534,29,0,2,1,20,0,0,0
0,0,0,0,0,0,5465,534,15,0,0,1,8,1,0,0
0,0,0,0,0,0,5453,529,26,0,1,0,22,1,0,0
0,0,0,0,0,0,5473,513,3,0,0,0,3,0,1,0
1,0,1,1,0,0,5463,517,58,0,1,0,71,1,1,2
0,0,0,0,0,0,5410,544,81,0,1,1,75,1,0,1
0,0,0,0,0,0,5474,538,10,0,2,0,11,0,1,0
0,0,0,0,0,0,5452,541,12,0,3,0,10,0,1,0
0,0,0,0,0,0,5439,541,21,0,0,1,7,0,0,0
0,0,0,0,0,0,5451,530,7,0,0,0,5,0,0,0
1,0,1,1,0,0,5460,541,353,0,7,2,430,1,5,0
0,0,0,0,0,0,5425,550,4,0,0,0,0,0,1,1
0,0,0,0,0,0,5441,516,120,0,3,1,128,0,0,1
0,0,0,0,0,0,5517,532,17,0,0,1,12,0,0,0
0,0,0,0,0,0,5490,533,10,0,1,0,9,0,0,1
0,0,0,0,0,0,5452,551,8,0,1,0,4,0,0,0
0,0,0,0,0,0,5451,532,29,0,0,0,22,0,0,0
0,0,0,0,0,0,5447,540,1,0,0,0,0,0,0,0
1,0,1,1,0,0,5407,524,253,0,2,0,317,0,4,0
0,0,0,0,0,0,5449,539,170,0,4,1,258,1,2,0
0,0,0,0,0,0,5435,523,79,0,2,1,122,1,3,0
0,0,0,0,0,0,5501,520,352,1,9,1,461,1,4,5
0,0,0,0,0,0,5508,544,16,0,0,0,6,0,0,0
0,0,0,0,0,0,5452,531,37,0,0,0,20,0,0,0
0,0,0,0,0,0,5425,536,218,0,1,2,327,0,3,1
0,0,0,0,0,0,5452,528,250,0,7,4,312,3,4,3
0,0,0,0,0,0,5494,558,225,0,7,0,278,1,5,0
0,0,0,0,0,0,5439,534,3,0,0,0,0,0,0,0
0,0,0,0,0,0,5493,557,1,0,0,1,3,0,0,0
0,0,0,0,0,0,5488,520,163,0,4,0,247,0,2,1
0,0,0,0,0,0,5439,535,228,0,5,0,260,1,4,1
0,0,0,0,0,0,5500,549,166,0,4,0,257,1,1,3
0,0,0,0,0,0,5504,523,91,0,3,0,91,1,2,1
0,0,0,0,0,0,5414,545,17,0,0,1,12,1,0,1
0,0,0,0,0,0,5394,542,22,0,0,0,35,0,0,0
0,0,0,0,0,0,5471,549,7,0,1,0,9,0,0,1
0,0,0,0,0,0,5472,529,13,0,1,1,5,0,0,0
0,0,0,0,0,0,5412,533,193,0,1,1,171,0,0,1
0,0,0,0,0,0,5562,512,40,0,1,2,49,0,1,1
0,0,0,0,0,0,5470,543,51,0,2,0,39,1,1,0
1,0,1,1,0,0,5463,536,147,0,2,3,203,0,0,1
0,0,0,0,0,0,5422,554,32,0,0,1,43,0,0,2
0,0,0,0,0,0,5490,535,1,0,0,0,0,0,0,0
0,0,0,0,0,0,5442,558,241,0,4,0,293,1,3,0
0,0,0,0,0,0,5491,539,19,0,1,0,21,2,1,0
0,0,0,0,0,0,5451,550,44,0,0,0,70,0,0,1
1,0,1,1,0,0,5462,541,144,0,1,1,138,2,0,1
0,0,0,0,0,0,5431,545,207,0,4,1,157,2,1,0
1,0,1,1,0,0,5423,548,288,0,4,1,397,0,1,0
0,0,0,0,0,0,5517,526,19,0,0,1,9,0,0,1
0,0,0,0,0,0,5466,540,326,0,9,2,378,0,2,1
0,0,0,0,0,0,5450,523,104,0,0,1,183,2,2,2
0,0,0,0,0,0,5423,546,3,0,0,0,0,0,0,0
0,0,0,0,0,0,5443,533,26,0,0,0,20,1,0,0
0,0,0,0,0,0,5466,523,12,0,2,0,5,1,0,0
1,0,1,1,0,0,5446,537,322,0,4,0,450,8,5,2
0,0,0,0,0,0,5514,533,36,0,0,0,42,0,1,0
1,0,1,1,1,0,5416,536,36,0,4,0,47,0,0,2
0,0,0,0,0,0,5402,549,78,0,2,2,51,1,2,0
0,0,0,0,0,0,5474,530,0,0,0,0,0,0,0,0
0,0,0,0,0,0,5411,539,6,0,0,0,3,0,0,0
0,0,0,0,0,0,5526,537,13,0,1,0,3,0,0,0
1,0,1,1,1,0,5517,548,210,0,2,3,284,2,7,0
0,0,0,0,0,0,5446,536,11,0,0,0,9,0,1,0
0,0,0,0,0,0,5525,536,64,0,3,0,76,0,0,0
0,0,0,0,0,0,5406,539,35,0,1,1,29,0,0,0
0,0,0,0,0,0,5472,542,2,0,0,0,0,0,0,0
0,0,0,0,0,0,5503,528,135,0,1,1,183,1,2,0
3,0,3,3,0,0,5482,541,144,0,8,3,171,1,4,1
0,0,0,0,0,0,5476,528,19,0,0,0,10,0,0,1
0,0,0,0,0,0,5443,530,33,0,0,0,20,0,1,0
0,0,0,0,0,0,5457,548,4,0,0,0,3,0,0,0
0,0,0,0,0,0,5389,539,84,0,2,2,131,1,1,1
0,0,0,0,0,0,5424,550,1,0,0,0,0,0,1,0
0,0,0,0,0,0,5454,540,264,0,2,3,412,1,5,1
0,0,0,0,0,0,5444,531,25,0,1,0,6,0,1,0
0,0,0,0,0,0,5449,528,448,0,7,5,547,1,5,2
0,0,0,0,0,0,5418,523,21,0,1,0,7,0,1,0
0,0,0,0,0,0,5452,545,17,0,2,0,13,0,0,0
0,0,0,0,0,0,5469,536,160,0,1,2,189,2,2,0
1,0,1,1,0,0,5482,535,199,0,4,0,254,0,3,1
0,0,0,0,0,0,5469,539,7,0,0,1,7,0,0,0
0,0,0,0,0,0,5420,547,121,0,6,2,179,1,2,2
0,0,0,0,0,0,5453,552,68,0,2,0,63,0,2,0
1,0,1,1,0,0,5474,528,284,0,6,0,295,2,3,0
1,0,1,1,0,0,5493,536,168,0,2,0,153,1,3,1
0,0,0,0,0,0,5439,536,198,0,3,0,259,0,2,1
0,0,0,0,0,0,5459,538,60,0,3,2,72,0,0,0
0,0,0,0,0,0,5423,541,0,0,0,0,0,0,0,0
0,0,0,0,0,0,5489,528,15,0,0,0,15,0,0,1
0,0,0,0,0,0,5485,546,6,0,0,0,8,0,1,0
0,0,0,0,0,0,5494,540,5,0,1,0,5,1,1,0
0,0,0,0,0,0,5479,530,2,0,0,0,1,0,1,0
0,0,0,0,0,0,5490,542,47,0,1,1,65,3,1,0
0,0,0,0,0,0,5529,532,89,0,3,3,77,0,1,1
0,0,0,0,0,0,5450,519,29,0,1,0,12,0,0,0
0,0,0,0,0,0,5460,511,193,0,4,2,250,0,3,0
0,0,0,0,0,0,5515,512,2,0,0,0,6,1,1,0
0,0,0,0,0,0,5492,529,15,0,3,0,5,0,0,0
0,0,0,0,0,0,5419,538,52,0,3,1,54,0,0,0
0,0,0,0,0,0,5375,555,1,0,1,0,0,0,0,0
0,0,0,0,0,0,5521,514,50,0,2,0,38,0,0,1
0,0,0,0,0,0,5407,533,500,0,6,3,544,2,5,2
0,0,0,0,0,0,5531,542,8,0,0,0,5,1,0,1
0,0,0,0,0,0,5459,532,138,0,3,1,190,0,3,1
0,0,0,0,0,0,5458,551,156,0,5,4,206,0,2,1
1,0,1,1,0,0,5495,544,207,0,3,3,244,3,3,1
1,0,1,1,1,0,5441,546,197,0,4,7,216,1,2,1
0,0,0,0,0,0,5399,541,6,0,1,0,2,0,0,0
0,0,0,0,0,0,5477,529,7,0,0,0,7,0,0,0
0,0,0,0,0,0,5474,549,0,0,0,0,1,1,1,0
0,0,0,0,0,0,5453,525,25,0,0,0,13,0,0,0
0,0,0,0,0,0,5449,531,264,0,4,0,364,0,3,1
0,0,0,0,0,0,5448,560,4,0,0,0,2,0,0,0
0,0,0,0,0,0,5478,545,4,0,0,0,2,0,0,0
1,0,1,1,0,0,5481,556,153,0,2,2,189,1,2,2
0,0,0,0,0,0,5534,531,180,0,4,1,146,0,1,0
1,0,1,1,0,0,5525,525,189,0,1,3,204,2,0,0
0,0,0,0,0,0,5435,541,8,0,0,0,7,0,0,0
0,0,0,0,0,0,5492,533,6,0,1,0,2,0,0,0
0,0,0,0,0,0,5512,532,93,0,0,1,97,2,1,0
0,0,0,0,0,0,5502,539,17,0,2,1,6,0,0,0
0,0,0,0,0,0,5397,531,148,0,5,0,144,1,2,0
0,0,0,0,0,0,5457,544,1,0,0,1,0,0,0,0
0,0,0,0,0,0,5439,532,51,0,0,2,32,1,0,0
0,0,0,0,0,0,5471,535,149,0,7,1,144,1,0,1
0,0,0,0,0,0,5473,548,36,0,4,0,39,2,1,0
0,0,0,0,0,0,5534,516,1,0,0,0,0,0,0,0
0,0,0,0,0,0,5452,551,23,0,0,0,17,0,0,1
0,0,0,0,0,0,5452,539,272,0,4,4,317,3,6,1
0,0,0,0,0,0,5501,537,308,0,4,1,351,3,5,0
0,0,0,0,0,0,5460,564,70,0,0,0,72,1,0,0
0,0,0,0,0,0,5427,541,192,0,5,2,284,1,1,1
0,0,0,0,0,0,5492,536,145,0,8,0,175,1,0,0
0,0,0,0,0,0,5487,530,19,0,0,0,10,0,0,0
0,0,0,0,0,0,5455,527,56,0,3,0,38,0,0,0
1,0,1,1,0,0,5497,552,510,0,7,4,642,1,8,4
1,0,1,1,0,0,5492,548,51,0,4,0,26,0,2,0
0,0,0,0,0,0,5443,549,217,0,1,0,242,1,3,1
0,0,0,0,0,0,5424,522,54,0,1,2,28,0,0,0
0,0,0,0,0,0,5438,527,55,0,1,3,41,0,1,1
0,0,0,0,0,0,5461,538,19,0,0,1,28,0,0,0
0,0,0,0,0,0,5513,560,7,0,0,0,7,0,0,0
0,0,0,0,0,0,5467,546,0,0,0,0,1,0,0,0
0,0,0,0,0,0,5495,536,14,0,2,2,7,0,1,0
0,0,0,0,0,0,5449,537,316,0,5,5,370,0,6,3
0,0,0,0,0,0,5398,547,50,0,1,0,48,2,2,1
0,0,0,0,0,0,5501,530,80,0,2,1,111,0,3,1
1,0,1,1,0,0,5470,529,27,0,1,0,21,0,0,0
2,0,2,2,0,1,5454,530,323,0,4,3,337,3,4,3
0,0,0,0,0,0,5386,544,12,0,0,1,17,0,0,0
0,0,0,0,0,0,5447,534,77,0,1,0,74,1,0,0
0,0,0,0,0,0,5456,524,7,0,0,0,7,0,0,0
0,0,0,0,0,0,5557,534,2,0,1,0,1,0,0,0
0,0,0,0,0,0,5473,538,2,0,0,0,3,0,0,0
0,0,0,0,0,0,5418,540,11,0,1,0,4,1,1,0
0,0,0,0,0,0,5469,534,35,0,1,0,19,0,0,0
0,0,0,0,0,0,5470,510,72,0,3,1,111,0,1,0
0,0,0,0,0,0,5431,552,1,0,1,0,1,0,0,0
1,0,1,1,0,0,5436,549,414,0,3,2,436,0,6,2
0,0,0,0,0,0,5504,542,345,0,9,0,510,3,7,5
0,0,0,0,0,0,5485,528,13,0,0,0,9,0,0,0
0,0,0,0,0,0,5479,545,6,0,1,0,5,0,0,0
0,0,0,0,0,0,5481,523,33,0,1,0,21,0,1,0
0,0,0,0,0,0,5435,535,237,0,5,2,298,3,2,1
1,0,1,1,0,0,5444,536,136,0,2,3,157,2,1,1
0,0,0,0,0,0,5479,520,17,0,0,0,4,0,0,1
1,0,1,1,0,0,5457,531,232,0,4,3,292,2,2,2
0,0,0,0,0,0,5422,558,166,0,1,0,222,1,1,5
0,0,0,0,0,0,5445,538,305,0,5,1,323,2,5,3
0,0,0,0,0,0,5484,523,95,0,3,0,118,1,3,0
0,0,0,0,0,0,5440,533,2,0,1,1,5,0,0,0
0,0,0,0,0,0,5485,535,179,0,2,0,281,0,3,2
1,0,1,1,0,0,5491,546,28,0,1,0,24,2,1,0
0,0,0,0,0,0,5450,543,48,0,1,0,25,0,1,0
1,0,1,1,0,0,5484,547,365,0,6,1,426,4,6,3
0,0,0,0,0,0,5472,558,12,0,1,0,19,2,0,0
0,0,0,0,0,0,5514,530,30,0,0,1,11,1,1,0
0,0,0,0,0,0,5486,528,17,0,3,0,22,0,0,0
0,0,0,0,0,0,5484,555,1,0,0,0,3,0,0,2
0,0,0,0,0,0,5480,539,7,0,1,0,6,0,0,0
0,0,0,0,0,0,5521,528,28,0,1,0,24,0,0,0
0,0,0,0,0,0,5438,542,291,0,2,3,396,1,6,2
1,0,1,1,0,1,5414,558,191,0,4,0,227,1,2,3
1,0,1,1,0,0,5492,528,125,0,2,3,137,4,0,1
0,0,0,0,0,0,5439,549,152,0,0,0,192,1,1,2
0,0,0,0,0,0,5483,537,53,0,1,0,46,1,0,2
0,0,0,0,0,0,5496,531,8,0,0,0,3,0,0,0
0,0,0,0,0,0,5499,533,72,0,3,0,64,0,1,1
0,0,0,0,0,0,5416,535,324,0,6,1,357,3,7,3
0,0,0,0,0,0,5440,542,5,0,0,0,0,0,0,0
0,0,0,0,0,0,5466,533,108,0,0,1,158,0,1,0
0,0,0,0,0,0,5420,530,155,0,1,2,189,0,3,1
0,0,0,0,0,0,5444,533,186,0,5,2,193,1,1,0
0,0,0,0,0,0,5509,530,8,0,0,0,4,0,0,1
0,0,0,0,0,0,5465,535,14,0,1,0,4,0,0,0
0,0,0,0,0,0,5458,527,149,0,4,1,149,2,4,0
0,0,0,0,0,0,5469,523,133,0,4,3,146,1,4,2
1,0,1,1,0,0,5451,539,114,0,1,0,142,2,1,0
0,0,0,0,0,0,5453,539,10,0,0,0,7,1,0,0
0,0,0,0,0,0,5446,547,314,0,3,5,401,3,6,1
0,0,0,0,0,0,5475,528,165,0,6,3,191,1,1,1
0,0,0,0,0,0,5456,554,162,0,5,2,155,2,4,2
0,0,0,0,0,0,5473,546,43,0,1,1,18,0,0,0
0,0,0,0,0,0,5439,525,148,0,2,0,191,1,0,0
0,0,0,0,0,0,5400,550,1,0,0,0,4,0,0,0
0,0,0,0,0,0,5414,521,194,0,2,2,224,0,5,0
0,0,0,0,0,0,5477,544,256,0,6,1,384,0,3,3
0,0,0,0,0,0,5455,545,92,0,0,0,114,0,2,2
0,0,0,0,0,0,5492,541,12,0,0,1,6,0,0,0
0,0,0,0,0,0,5524,532,133,0,5,1,191,0,1,2
0,0,0,0,0,0,5476,536,2,0,0,0,0,0,0,0
0,0,0,0,0,0,5516,535,18,0,2,0,12,0,0,0
0,0,0,0,0,0,5464,534,298,0,4,3,319,0,4,2
1,0,1,1,0,0,5465,520,281,0,3,2,393,0,4,2
0,0,0,0,0,0,5501,544,225,0,2,1,219,1,2,0
0,0,0,0,0,0,5487,510,2,0,1,0,1,0,0,0
0,0,0,0,0,0,5405,533,7,0,1,0,5,1,1,0
0,0,0,0,0,0,5458,537,1,0,0,0,0,0,0,0
0,0,0,0,0,0,5466,529,138,0,2,1,183,0,3,0
0,0,0,0,0,0,5469,540,235,0,5,7,307,4,7,1
1,0,1,1,0,0,5384,524,296,0,7,5,405,2,5,1
0,0,0,0,0,0,5489,535,361,0,7,2,498,0,7,1
0,0,0,0,0,0,5523,533,23,0,1,0,22,0,1,0
0,0,0,0,0,0,5447,540,204,0,3,0,239,2,2,3
0,0,0,0,0,0,5531,508,75,0,1,0,70,0,1,1
0,0,0,0,0,0,5471,528,9,0,0,0,9,0,0,0
0,0,0,0,0,0,5424,551,17,0,2,0,7,0,0,0
0,0,0,0,0,0,5495,524,94,0,2,0,166,1,0,1
0,0,0,0,0,0,5475,537,154,0,2,1,260,1,5,2
0,0,0,0,0,0,5482,519,36,0,3,0,34,0,1,0
0,0,0,0,0,0,5522,535,95,0,6,0,71,2,0,0
0,0,0,0,0,0,5432,530,0,0,1,0,0,0,0,0
1,0,1,1,0,0,5429,553,148,0,1,0,245,2,0,0
0,0,0,0,0,0,5431,528,57,0,0,1,63,0,1,0
1,0,1,1,0,0,5408,553,41,0,0,0,17,0,1,0
0,0,0,0,0,0,5422,532,35,0,1,0,21,1,0,0
0,0,0,0,0,0,5499,523,7,0,0,0,5,0,0,0
0,0,0,0,0,0,5442,553,265,0,5,2,394,2,2,1
0,0,0,0,0,0,5449,540,236,0,4,1,364,0,2,1
0,0,0,0,0,0,5521,532,116,0,3,2,113,1,3,0
0,0,0,0,0,0,5424,537,1,0,0,0,4,0,0,0
0,0,0,0,0,0,5462,556,163,0,0,1,240,0,3,2
0,0,0,0,0,0,5489,534,22,0,2,0,11,1,0,0
0,0,0,0,0,0,5487,552,150,0,4,1,219,2,2,0
0,0,0,0,0,0,5407,546,48,0,0,0,48,0,0,0
0,0,0,0,0,0,5487,536,74,0,1,0,82,0,0,0
0,0,0,0,0,0,5472,537,88,0,1,0,85,2,4,0
0,0,0,0,0,0,5438,534,1,0,0,0,0,0,0,0
0,0,0,0,0,0,5453,565,1,0,0,0,0,0,0,0
1,0,1,1,0,0,5426,518,398,0,7,2,551,1,4,3
0,0,0,0,0,0,5457,534,5,0,0,1,0,0,1,0
0,0,0,0,0,0,5512,537,21,0,3,1,15,1,0,0
0,0,0,0,0,0,5417,552,11,0,0,0,8,0,0,0
0,0,0,0,0,0,5448,530,36,0,0,0,51,0,0,3
0,0,0,0,0,0,5459,538,21,0,1,0,10,0,1,0
0,0,0,0,0,0,5457,526,7,0,1,1,1,0,0,0
0,0,0,0,0,0,5408,541,265,0,2,3,268,1,2,0
0,0,0,0,0,0,5412,533,6,0,0,0,2,0,0,0
1,0,1,1,1,0,5456,539,133,0,1,1,160,0,2,1
2,0,2,2,0,0,5462,545,93,0,0,3,122,0,2,2
0,0,0,0,0,0,5386,562,143,0,2,2,233,1,1,1
0,0,0,0,0,0,5513,544,300,0,4,2,377,3,5,4
0,0,0,0,0,0,5470,532,111,0,1,0,117,0,1,0
0,0,0,0,0,0,5445,534,0,0,0,0,1,0,1,0
1,0,1,1,0,0,5445,537,88,0,3,2,123,0,1,1
0,0,0,0,0,0,5456,542,252,0,6,2,239,2,0,2
1,0,1,1,0,0,5449,516,184,0,3,1,297,2,1,1
0,0,0,0,0,0,5428,557,256,0,8,3,386,2,7,4
0,0,0,0,0,0,5447,541,4,0,0,0,1,0,0,0
0,0,0,0,0,0,5442,548,7,0,0,0,4,0,0,0
0,0,0,0,0,0,5495,526,4,0,0,0,3,0,0,0
0,0,0,0,0,0,5472,538,191,0,4,1,283,2,2,5
1,0,1,1,0,1,5441,534,33,0,1,0,33,0,0,0
0,0,0,0,0,0,5477,554,29,0,0,1,15,1,1,0
0,0,0,0,0,0,5461,539,39,0,1,0,38,1,1,0
0,0,0,0,0,0,5477,541,1,0,0,0,2,0,0,0
0,0,0,0,0,0,5462,529,38,0,3,0,45,2,1,0
0,0,0,0,0,0,5465,548,29,0,1,0,24,0,0,0
0,0,0,0,0,0,5441,527,256,0,3,4,323,2,5,0
0,0,0,0,0,0,5451,564,3,0,0,0,3,0,0,0
0,0,0,0,0,0,5398,530,66,0,0,1,60,0,0,0
0,0,0,0,0,0,5456,558,68,0,2,0,60,2,1,1
0,0,0,0,0,0,5501,532,69,0,1,0,71,1,2,1
0,0,0,0,0,0,5430,536,84,0,4,0,90,1,1,0
0,0,0,0,0,0,5503,538,3,0,0,0,4,1,0,1
0,0,0,0,0,0,5434,544,51,0,0,1,81,0,0,0
0,0,0,0,0,0,5457,545,22,0,0,0,27,0,1,0
2,0,2,2,0,0,5416,537,201,0,7,1,241,2,1,1
0,0,0,0,0,0,5483,513,93,0,3,0,168,1,2,0
0,0,0,0,0,0,5448,535,98,0,1,0,189,1,0,1
0,0,0,0,0,0,5479,526,8,0,0,2,7,0,0,0
0,0,0,0,0,0,5435,533,6,0,1,0,2,0,0,0
0,0,0,0,0,0,5472,526,72,0,4,1,72,0,1,0
2,0,2,2,0,1,5453,547,185,0,3,0,248,2,3,1
1,0,1,1,0,0,5432,529,94,0,5,0,77,0,0,0
1,0,1,1,0,0,5486,538,155,0,3,2,186,0,1,1
0,0,0,0,0,0,5378,547,48,0,0,0,46,0,1,1
0,0,0,0,0,0,5504,554,5,0,1,0,7,0,0,0
0,0,0,0,0,0,5438,526,1,0,0,0,0,0,0,0
0,0,0,0,0,0,5462,563,139,0,3,2,151,0,1,0
0,0,0,0,0,0,5462,540,166,0,5,2,165,4,3,0
0,0,0,0,0,0,5505,550,16,0,1,0,6,1,1,0
0,0,0,0,0,0,5406,548,200,0,3,0,234,1,2,0
0,0,0,0,0,0,5541,533,1,0,0,0,1,0,0,0
0,0,0,0,0,0,5466,558,84,0,2,0,97,2,2,0
0,0,0,0,0,0,5456,551,0,0,0,0,0,0,0,1
0,0,0,0,0,0,5458,540,13,0,0,0,7,1,1,0
0,0,0,0,0,0,5511,522,30,0,1,0,17,0,0,0
0,0,0,0,0,0,5451,538,26,0,0,0,10,0,1,0
0,0,0,0,0,0,5409,546,231,0,3,2,322,0,2,2
0,0,0,0,0,0,5448,546,4,0,1,1,2,0,0,0
1,0,1,1,0,0,5509,510,194,0,4,1,256,1,4,1
0,0,0,0,0,0,5465,526,94,0,2,1,113,0,2,0
0,0,0,0,0,0,5444,544,1,0,0,1,0,0,0,0
0,0,0,0,0,0,5449,533,99,0,3,1,83,1,0,1
0,0,0,0,0,0,5428,566,8,0,0,0,5,0,0,0
0,0,0,0,0,0,5392,552,31,0,1,1,31,0,1,0
0,0,0,0,0,0,5441,526,82,0,1,2,92,0,1,0
0,0,0,0,0,0,5498,530,18,0,0,0,12,0,0,0
1,0,1,1,0,0,5438,540,112,0,6,1,119,0,2,0
1,0,1,1,0,0,5453,538,37,0,1,0,50,1,0,0
0,0,0,0,0,0,5472,529,124,0,2,0,219,0,1,3
0,0,0,0,0,0,5447,542,225,0,2,4,298,1,5,1
0,0,0,0,0,0,5419,555,3,0,0,0,0,0,1,0
0,0,0,0,0,0,5501,534,351,0,4,2,399,2,5,2
1,0,1,1,0,0,5423,538,14,0,0,1,33,1,0,0
0,0,0,0,0,0,5436,535,93,0,2,2,74,1,0,1
0,0,0,0,0,0,5453,524,15,0,1,0,14,0,1,0
0,0,0,0,0,0,5488,535,101,0,2,1,128,0,1,0
0,0,0,0,0,0,5550,505,71,0,0,2,62,0,0,0
0,0,0,0,0,0,5442,542,34,0,0,0,31,0,2,0
0,0,0,0,0,0,5496,529,34,0,1,1,19,1,0,1
0,0,0,0,0,0,5442,536,246,0,4,4,278,0,4,3
0,0,0,0,0,0,5494,539,113,0,2,2,149,1,1,0
0,0,0,0,0,0,5368,550,200,0,6,0,256,0,0,2
2,0,2,2,1,0,5484,546,199,0,5,1,215,2,4,1
0,0,0,0,0,0,5449,554,5,0,0,0,2,0,0,0
0,0,0,0,0,0,5487,543,5,0,1,0,2,0,0,0
1,0,1,1,0,0,5503,531,315,0,4,0,426,0,3,2
0,0,0,0,0,0,5520,542,7,0,1,0,10,0,0,0
0,0,0,0,0,0,5491,534,26,0,0,0,15,0,2,1
0,0,0,0,0,0,5492,539,6,0,0,1,1,0,0,0
0,0,0,0,0,0,5441,544,2,0,1,0,2,0,0,0
0,0,0,0,0,0,5458,534,3,0,1,0,4,0,0,0
0,0,0,0,0,0,5454,537,33,0,0,0,34,0,0,0
0,0,0,0,0,0,5459,528,32,0,2,0,12,0,0,0
0,0,0,0,0,0,5498,521,67,0,1,1,54,1,0,2
0,0,0,0,0,0,5460,564,17,0,0,1,13,0,0,0
0,0,0,0,0,0,5500,548,266,0,3,2,411,2,3,2
0,0,0,0,0,0,5430,539,0,0,0,0,3,0,0,0
0,0,0,0,0,0,5509,525,120,0,3,3,136,0,0,1
0,0,0,0,0,0,5480,539,18,0,0,1,11,0,0,0
0,0,0,0,0,0,5480,533,32,0,0,1,31,0,1,0
0,0,0,0,0,0,5505,537,35,0,1,0,54,1,1,0
0,0,0,0,0,0,5459,530,42,0,3,1,37,0,1,0
1,0,1,1,0,0,5490,532,76,0,3,0,76,0,0,0
0,0,0,0,0,0,5470,531,2,0,1,1,4,0,1,0
0,0,0,0,0,0,5463,523,25,0,0,0,7,0,0,0
0,0,0,0,0,0,5450,532,20,0,1,1,13,0,1,0
2,0,2,2,1,0,5415,550,178,0,1,2,281,3,4,1
0,0,0,0,0,0,5508,538,2,0,0,0,2,0,0,0
0,0,0,0,0,0,5517,525,291,0,4,4,405,1,4,1
0,0,0,0,0,0,5463,544,6,0,0,0,4,0,0,0
0,0,0,0,0,0,5475,525,0,0,0,0,1,0,1,0
0,0,0,0,0,0,5432,540,466,0,8,4,610,0,7,2
0,0,0,0,0,0,5436,518,90,0,3,1,150,2,1,2
0,0,0,0,0,0,5510,546,153,0,6,1,156,2,2,1
1,0,1,1,0,0,5478,549,87,0,1,1,103,1,2,0
1,0,1,1,1,0,5456,544,76,0,1,2,124,0,0,1
0,0,0,0,0,0,5447,537,4,0,0,0,3,0,0,0
1,0,1,1,0,0,5471,542,304,0,5,2,407,3,3,2
1,0,1,1,1,0,5454,545,35,0,2,2,22,3,1,0
0,0,0,0,0,0,5436,520,14,0,0,0,9,0,1,0
0,0,0,0,0,0,5471,534,1,0,0,0,1,0,0,0
0,0,0,0,0,0,5457,516,30,0,0,0,13,0,1,0
1,0,1,1,0,1,5456,538,214,0,3,5,242,2,2,1
0,0,0,0,0,0,5505,535,4,0,2,0,2,0,0,0
1,0,1,1,0,0,5440,524,218,0,3,2,293,1,5,0
2,0,2,2,0,0,5408,529,318,0,9,3,372,3,7,2
0,0,0,0,0,0,5426,548,9,0,0,0,3,0,0,0
0,0,0,0,0,0,5439,537,177,0,1,1,229,2,4,1
0,0,0,0,0,0,5515,527,30,0,1,0,15,0,0,0
0,0,0,0,0,0,5477,554,45,0,2,0,30,0,0,0
0,0,0,0,0,0,5477,538,6,0,1,0,1,0,0,0
0,0,0,0,0,0,5400,548,11,0,0,1,2,0,0,1
1,0,1,1,0,0,5468,525,144,0,0,1,140,3,2,1
0,0,0,0,0,0,5425,521,10,0,0,0,7,0,0,0
0,0,0,0,0,0,5445,531,1,0,1,0,1,0,0,0
0,0,0,0,0,0,5452,528,57,0,1,1,68,0,1,0
1,0,1,1,0,0,5445,542,346,0,6,3,369,1,3,3
0,0,0,0,0,0,5440,545,10,0,2,1,9,0,0,0
0,0,0,0,0,0,5414,552,57,0,1,0,63,1,0,0
0,0,0,0,0,0,5443,535,30,0,0,0,45,0,1,0
0,0,0,0,0,0,5446,538,33,0,1,0,22,0,0,1
1,0,1,1,0,0,5476,534,131,0,7,0,150,0,3,1
1,0,1,1,0,0,5430,540,38,0,3,1,37,1,3,0
0,0,0,0,0,0,5451,541,7,0,0,1,3,0,0,0
0,0,0,0,0,0,5495,531,8,0,1,0,4,0,1,0
0,0,0,0,0,0,5455,545,117,0,1,1,182,0,4,0
0,0,0,0,0,0,5384,545,113,0,4,0,119,2,1,1
0,0,0,0,0,0,5338,549,210,0,2,0,344,1,2,2
0,0,0,0,0,0,5463,548,108,0,4,1,125,0,0,1
0,0,0,0,0,0,5502,531,242,0,3,2,269,2,2,0
2,0,2,2,1,0,5499,556,496,0,6,2,582,0,5,5
0,0,0,0,0,0,5500,542,18,0,1,0,9,0,0,0
0,0,0,0,0,0,5462,531,2,0,0,0,3,0,0,0
0,0,0,0,0,0,5427,541,87,0,0,1,103,1,1,1
0,0,0,0,0,0,5425,523,183,0,1,0,243,1,3,2
0,0,0,0,0,0,5463,537,46,0,0,2,32,1,0,0
0,0,0,0,0,0,5439,560,125,0,3,0,158,2,0,0
0,0,0,0,0,0,5429,557,8,0,0,0,1,0,0,0
0,0,0,0,0,0,5409,538,13,0,0,0,12,0,0,0
0,0,0,0,0,0,5446,539,95,0,1,4,151,0,2,3
0,0,0,0,0,0,5455,538,0,0,0,0,1,1,0,0
0,0,0,0,0,0,5540,541,34,0,0,0,43,1,1,0
0,0,0,0,0,0,5506,535,9,0,0,0,2,0,0,0
1,0,1,1,0,1,5438,549,280,0,5,2,386,2,4,5
0,0,0,0,0,0,5461,534,128,0,2,1,121,2,2,0
0,0,0,0,0,0,5476,533,168,0,4,1,213,3,4,0
2,0,2,2,1,0,5477,565,128,0,2,2,112,0,1,3
2,0,2,2,0,0,5388,555,277,0,5,3,297,3,3,2
0,0,0,0,0,0,5468,537,3,0,0,0,0,0,0,0
0,0,0,0,0,0,5428,545,107,0,4,1,141,0,2,1
0,0,0,0,0,0,5459,537,44,0,2,0,61,0,0,1
0,0,0,0,0,0,5441,522,93,0,0,1,99,1,3,0
0,0,0,0,0,0,5521,522,23,0,1,1,10,0,0,0
0,0,0,0,0,0,5487,530,196,0,2,2,257,0,2,3
0,0,0,0,0,0,5477,549,16,0,0,0,18,0,1,0
0,0,0,0,0,0,5466,537,47,0,0,1,47,1,2,0
0,0,0,0,0,0,5489,535,46,0,1,2,44,0,0,0
0,0,0,0,0,0,5488,508,221,0,5,4,283,0,2,0
0,0,0,0,0,0,5481,531,6,0,1,0,6,0,0,0
0,0,0,0,0,0,5498,544,7,0,0,0,3,0,0,0
0,0,0,0,0,0,5532,530,2,0,0,0,0,0,0,0
1,0,1,1,0,0,5523,531,112,0,0,3,119,1,1,2
0,0,0,0,0,0,5441,536,9,0,0,0,4,0,1,0
0,0,0,0,0,0,5477,540,304,0,0,6,400,1,6,1
0,0,0,0,0,0,5428,536,82,0,4,0,74,0,1,0
0,0,0,0,0,0,5414,539,191,0,6,0,188,0,3,1
0,0,0,0,0,0,5456,548,56,0,0,0,57,0,2,0
0,0,0,0,0,0,5463,548,6,0,0,1,1,0,0,0
0,0,0,0,0,0,5441,549,9,0,0,0,11,0,0,0
0,0,0,0,0,0,5404,570,49,0,1,2,61,0,1,0
0,0,0,0,0,0,5445,549,0,0,0,0,0,0,0,0
0,0,0,0,0,0,5432,550,11,0,0,0,17,0,1,0
0,0,0,0,0,0,5438,544,5,0,1,0,1,0,0,0
0,0,0,0,0,0,5443,543,2,0,0,0,1,0,1,0
0,0,0,0,0,0,5420,544,25,0,1,0,24,2,2,1
0,0,0,0,0,0,5521,524,3,0,0,0,7,0,0,0
0,0,0,0,0,0,5499,534,146,0,5,1,190,2,1,0
0,0,0,0,0,0,5465,538,47,0,1,0,42,1,1,1
0,0,0,0,0,0,5470,534,353,0,9,2,352,3,7,2
0,0,0,0,0,0,5448,540,14,0,1,1,5,1,0,0
0,0,0,0,0,0,5439,533,29,0,1,0,9,0,0,1
0,0,0,0,0,0,5467,529,7,0,0,1,3,0,0,0
0,0,0,0,0,0,5435,545,20,0,1,0,9,1,1,0
1,0,1,1,1,0,5403,557,325,0,6,1,462,3,6,1
1,0,1,1,0,0,5415,550,356,0,10,3,422,1,4,0
0,0,0,0,0,0,5446,525,6,0,0,0,3,0,0,0
0,0,0,0,0,0,5447,525,27,0,0,1,17,0,0,0
0,0,0,0,0,0,5490,543,199,0,2,2,232,2,3,0
0,0,0,0,0,0,5442,546,20,0,2,0,14,0,0,0
0,0,0,0,0,0,5449,553,13,0,1,0,22,0,2,0
0,0,0,0,0,0,5463,533,41,0,1,0,47,1,0,0
0,0,0,0,0,0,5446,540,296,0,3,1,487,1,6,2
3,0,3,3,1,0,5491,541,171,0,3,0,159,1,3,0
0,0,0,0,0,0,5509,536,56,0,1,0,42,0,1,0
0,0,0,0,0,0,5459,539,3,0,0,0,2,0,0,0
2,0,2,2,1,1,5428,543,321,0,2,7,398,3,5,2
0,0,0,0,0,0,5529,530,5,0,0,0,1,0,0,0
1,0,1,1,0,0,5436,553,271,0,3,4,377,0,4,2
2,0,2,2,0,1,5457,516,321,0,6,2,405,2,7,2
0,0,0,0,0,0,5480,536,18,0,1,0,17,0,0,0
0,0,0,0,0,0,5412,558,53,0,1,1,57,1,2,0
1,0,1,1,1,0,5484,539,239,0,2,5,270,0,1,0
0,0,0,0,0,0,5476,550,91,0,4,0,110,2,0,0
0,0,0,0,0,0,5458,526,22,0,0,0,14,0,0,0
2,0,2,2,0,1,5432,532,271,0,4,3,321,2,3,1
1,0,1,1,1,0,5475,545,21,0,0,0,15,0,1,0
0,0,0,0,0,0,5484,537,0,0,0,0,0,0,0,0
0,0,0,0,0,0,5458,547,212,0,7,3,191,4,4,2
0,0,0,0,0,0,5462,524,46,0,1,0,33,1,0,1
0,0,0,0,0,0,5501,532,21,0,2,0,16,0,0,0
0,0,0,0,0,0,5487,543,17,0,1,1,7,1,0,0
0,0,0,0,0,0,5427,542,11,0,1,0,6,1,1,0
0,0,0,0,0,0,5439,549,18,0,2,0,11,0,0,0
0,0,0,0,0,0,5491,547,39,0,1,0,43,0,1,0
0,0,0,0,0,0,5458,536,6,0,0,0,0,0,0,0
0,0,0,0,0,0,5488,523,8,0,1,0,5,0,0,0
0,0,0,0,0,0,5413,562,3,0,0,0,2,0,0,0
0,0,0,0,0,0,5436,537,5,0,0,1,5,0,0,0
0,0,0,0,0,0,5482,535,0,0,0,0,4,0,0,0
0,0,0,0,0,0,5467,538,4,0,0,0,1,0,0,0
0,0,0,0,0,0,5452,543,50,0,4,1,33,0,0,0
0,0,0,0,0,0,5431,548,7,0,0,0,0,0,0,0
0,0,0,0,0,0,5461,546,4,0,1,0,4,0,0,0
0,0,0,0,0,0,5437,550,34,0,1,0,15,1,1,1
0,0,0,0,0,0,5486,527,96,0,1,1,152,0,1,0
0,0,0,0,0,0,5485,530,166,0,0,1,252,3,3,1
0,0,0,0,0,0,5488,547,3,0,1,0,1,0,0,0
0,0,0,0,0,0,5489,523,5,0,2,0,1,0,0,0
0,0,0,0,0,0,5431,558,6,0,0,1,4,0,1,0
0,0,0,0,0,0,5462,544,1,0,0,0,1,0,0,0
0,0,0,0,0,0,5512,520,87,0,3,2,95,1,2,1
0,0,0,0,0,0,5481,533,1,0,2,0,0,0,0,0
0,0,0,0,0,0,5511,520,5,0,0,0,1,0,0,0
0,0,0,0,0,0,5468,548,191,0,3,3,282,1,1,0
0,0,0,0,0,0,5433,533,2,0,0,0,0,0,0,0
0,0,0,0,0,0,5501,523,6,0,1,0,4,0,0,0
0,0,0,0,0,0,5490,535,28,0,1,0,12,0,0,0
0,0,0,0,0,0,5445,551,7,0,0,0,4,0,1,0
1,0,1,1,0,0,5450,553,215,0,7,1,240,2,4,4
0,0,0,0,0,0,5436,544,11,0,1,1,8,1,1,0
0,0,0,0,0,0,5429,528,82,0,0,0,158,2,2,0
0,0,0,0,0,0,5506,534,9,0,1,0,5,0,1,0
0,0,0,0,0,0,5379,560,77,0,1,0,100,1,2,1
0,0,0,0,0,0,5432,533,21,0,1,0,20,0,0,0
0,0,0,0,0,0,5489,540,92,0,1,3,110,0,2,1
0,0,0,0,0,0,5458,521,13,0,0,0,5,0,0,0
0,0,0,0,0,0,5537,518,64,0,1,0,61,0,0,0
0,0,0,0,0,0,5439,539,13,0,1,0,21,0,1,0
0,0,0,0,0,0,5449,529,6,0,1,0,10,0,0,0
0,0,0,0,0,0,5432,515,3,0,0,0,4,0,0,0
0,0,0,0,0,0,5435,525,83,0,3,0,89,1,1,1
0,0,0,0,0,0,5487,534,12,0,0,0,15,0,0,0
0,0,0,0,0,0,5417,538,57,0,1,0,51,0,1,0
0,0,0,0,0,0,5472,546,202,0,6,0,233,0,5,0
0,0,0,0,0,0,5484,528,111,0,3,0,89,0,1,0
0,0,0,0,0,0,5396,534,158,0,5,2,177,2,4,2
0,0,0,0,0,0,5452,542,6,0,0,0,7,0,0,0
0,0,0,0,0,0,5471,534,90,0,1,0,109,0,1,0
0,0,0,0,0,0,5479,532,61,0,3,1,41,0,1,0
0,0,0,0,0,0,5466,500,88,0,1,2,70,0,1,0
0,0,0,0,0,0,5428,546,237,0,3,4,296,0,2,1
0,0,0,0,0,0,5438,545,16,0,0,0,18,0,0,0
0,0,0,0,0,0,5437,537,28,0,2,0,39,0,1,0
0,0,0,0,0,0,5438,516,11,0,1,1,4,0,0,0
0,0,0,0,0,0,5460,537,3,0,0,0,0,0,0,0
0,0,0,0,0,0,5428,552,46,0,0,1,42,0,0,0
0,0,0,0,0,0,5453,535,140,0,5,0,184,0,0,1
1,0,1,1,0,0,5466,547,149,0,4,1,163,1,5,0
0,0,0,0,0,0,5414,528,7,0,0,1,2,0,0,0
0,0,0,0,0,0,5429,543,8,0,0,0,8,0,0,0
0,0,0,0,0,0,5468,526,27,0,0,1,33,0,0,0
0,0,0,0,0,0,5512,545,5,0,0,2,3,0,0,0
0,0,0,0,0,0,5471,526,69,0,0,0,61,0,1,0
0,0,0,0,0,0,5409,554,170,0,2,2,187,1,0,0
0,0,0,0,0,0,5535,534,230,0,3,0,232,1,6,1
0,0,0,0,0,0,5480,527,0,0,0,0,0,0,0,0
0,0,0,0,0,0,5497,503,29,0,0,0,30,3,0,0
0,0,0,0,0,0,5509,536,22,0,1,1,10,1,1,0
0,0,0,0,0,0,5407,539,115,0,2,2,114,0,2,0
0,0,0,0,0,0,5394,553,16,0,1,0,19,1,0,1
0,0,0,0,0,0,5456,537,143,0,3,2,194,0,1,5
0,0,0,0,0,0,5444,539,245,0,2,4,325,0,1,2
0,0,0,0,0,0,5450,537,21,0,0,0,13,0,0,1
0,0,0,0,0,0,5498,542,61,0,1,0,45,1,0,0
0,0,0,0,0,0,5502,560,201,0,1,1,282,1,4,3
0,0,0,0,0,0,5451,556,23,0,1,0,6,0,0,0
0,0,0,0,0,0,5474,539,2,0,0,0,0,0,0,0
0,0,0,0,0,0,5402,543,12,0,1,1,3,0,0,0
0,0,0,0,0,0,5487,538,19,0,0,0,9,3,1,0
0,0,0,0,0,0,5489,537,234,0,2,5,224,1,5,2
1,0,1,1,0,0,5446,526,386,0,10,2,449,7,5,2
0,0,0,0,0,0,5480,536,51,0,4,1,18,2,1,1
0,0,0,0,0,0,5467,552,436,0,7,4,586,3,10,0
0,0,0,0,0,0,5496,549,195,0,4,1,284,2,2,2
0,0,0,0,0,0,5472,526,3,0,0,0,0,0,0,0
0,0,0,0,0,0,5467,550,141,0,5,0,148,0,1,0
0,0,0,0,0,0,5441,531,1,0,0,0,2,0,0,0
0,0,0,0,0,0,5423,552,3,0,0,0,3,0,0,0
0,0,0,0,0,0,5427,557,83,0,2,1,58,1,3,0
0,0,0,0,0,0,5428,533,0,0,0,0,0,0,0,1
0,0,0,0,0,0,5452,542,70,0,0,1,111,0,1,0
0,0,0,0,0,0,5444,532,154,0,3,1,207,1,1,0
0,0,0,0,0,0,5476,539,11,0,0,0,8,1,1,0
0,0,0,0,0,0,5506,523,1,0,1,0,2,0,0,0
1,0,1,1,1,0,5452,544,352,0,5,1,485,2,5,4
0,0,0,0,0,0,5464,541,203,0,5,3,318,1,4,4
0,0,0,0,0,0,5481,539,20,0,1,0,12,0,0,0
0,0,0,0,0,0,5441,533,226,0,5,1,303,0,2,2
0,0,0,0,0,0,5453,557,9,0,0,1,6,0,1,0
0,0,0,0,0,0,5510,549,19,0,0,0,7,1,0,1
0,0,0,0,0,0,5455,534,7,0,0,1,4,0,0,0
0,0,0,0,0,0,5444,533,23,0,2,0,11,1,1,1
0,0,0,0,0,0,5487,520,24,0,2,1,20,0,0,0
0,0,0,0,0,0,5513,537,12,0,1,1,7,0,0,0
0,0,0,0,0,0,5530,528,10,0,0,1,6,0,0,1
0,0,0,0,0,0,5514,524,309,0,3,1,434,1,1,1
0,0,0,0,0,0,5452,521,14,0,0,1,19,0,1,0
0,0,0,0,0,0,5474,544,9,0,1,0,11,0,0,0
0,0,0,0,0,0,5514,532,73,0,3,2,66,0,2,0
0,0,0,0,0,0,5432,542,213,0,3,2,275,0,6,0
1,0,1,1,1,0,5396,541,291,0,6,3,375,1,3,2
0,0,0,0,0,0,5460,545,24,0,1,0,33,0,0,0
0,0,0,0,0,0,5439,542,4,0,0,0,1,0,0,0
0,0,0,0,0,0,5501,542,103,0,2,0,87,2,1,2
0,0,0,0,0,0,5403,534,179,0,4,1,219,5,2,0
0,0,0,0,0,0,5487,545,283,0,4,2,360,2,8,0
0,0,0,0,0,0,5432,549,20,0,0,0,20,0,0,1
0,0,0,0,0,0,5500,507,53,0,6,0,36,0,2,0
0,0,0,0,0,0,5392,540,63,0,1,0,42,0,0,0
0,0,0,0,0,0,5412,546,5,0,1,0,5,0,0,0
0,0,0,0,0,0,5535,524,2,0,1,0,1,0,0,0
0,0,0,0,0,0,5459,524,8,0,2,0,2,0,1,0
1,0,1,1,0,0,5408,550,223,0,0,0,340,0,2,2
0,0,0,0,0,0,5440,557,210,0,3,3,276,3,2,1
0,0,0,0,0,0,5442,531,28,0,1,1,11,0,0,0
0,0,0,0,0,0,5476,541,108,0,0,0,172,0,3,0
0,0,0,0,0,0,5470,523,14,0,0,0,6,0,0,0
2,0,2,2,0,0,5449,544,281,0,3,3,324,1,2,1
1,0,1,1,1,0,5480,571,58,0,0,0,64,0,0,1
0,0,0,0,0,0,5458,540,35,0,1,2,30,0,0,0
0,0,0,0,0,0,5431,539,22,0,1,0,3,0,0,0
0,0,0,0,0,0,5442,527,66,0,1,1,50,1,0,0
0,0,0,0,0,0,5463,527,244,0,2,3,274,1,4,0
0,0,0,0,0,0,5483,548,227,0,5,1,217,1,3,2
0,0,0,0,0,0,5449,533,3,0,0,1,0,0,0,0
0,0,0,0,0,0,5473,529,39,0,2,0,38,0,0,0
1,0,1,1,0,0,5463,528,277,0,3,2,316,4,3,3
0,0,0,0,0,0,5493,554,35,0,1,0,18,0,0,0
1,0,1,1,0,0,5459,537,291,0,5,2,488,1,5,3
0,0,0,0,0,0,5441,534,40,0,0,0,57,0,0,0
0,0,0,0,0,0,5464,532,8,0,0,0,6,0,0,0
0,0,0,0,0,0,5475,540,330,0,4,1,509,0,5,3
0,0,0,0,0,0,5457,536,10,0,1,1,3,0,0,0
0,0,0,0,0,0,5495,534,17,0,0,0,10,0,0,1
0,0,0,0,0,0,5437,546,36,0,2,1,29,2,0,1
0,0,0,0,0,0,5415,536,23,0,1,0,7,1,0,1
0,0,0,0,0,0,5506,526,139,0,1,0,190,0,3,0
0,0,0,0,0,0,5450,518,0,0,0,0,5,0,0,0
0,0,0,0,0,0,5478,518,77,0,2,2,41,0,0,0
1,0,1,1,0,0,5401,535,242,0,3,3,310,3,1,2
0,0,0,0,0,0,5463,549,3,0,0,0,2,0,0,0
0,0,0,0,0,0,5491,527,109,0,4,1,165,1,1,0
0,0,0,0,0,0,5457,535,427,0,7,3,547,3,2,3
0,0,0,0,0,0,5435,523,345,0,7,4,437,3,5,4
0,0,0,0,0,0,5484,531,110,0,1,3,114,0,1,0
0,0,0,0,0,0,5415,550,16,0,1,0,13,0,0,1
0,0,0,0,0,0,5491,527,2,0,1,0,8,2,0,0
0,0,0,0,0,0,5494,527,123,0,3,1,124,0,1,1
1,0,1,1,0,0,5486,543,158,0,3,2,194,1,1,2
0,0,0,0,0,0,5447,539,100,0,2,1,133,3,3,3
1,0,1,1,0,0,5502,522,171,0,6,0,273,0,2,0
0,0,0,0,0,0,5465,514,463,0,14,1,450,4,8,2
0,0,0,0,0,0,5431,533,1,0,0,0,1,0,0,0
0,0,0,0,0,0,5423,543,11,0,1,0,4,0,0,0
0,0,0,0,0,0,5436,545,7,0,0,0,3,2,1,0
0,0,0,0,0,0,5489,548,39,0,1,0,21,0,3,0
0,0,0,0,0,0,5470,537,17,0,0,0,21,0,0,0
1,0,1,1,0,0,5466,539,177,0,4,0,303,2,4,0
0,0,0,0,0,0,5448,543,1,0,0,0,2,0,0,0
1,0,1,1,1,0,5429,552,78,0,2,0,121,0,2,0
0,0,0,0,0,0,5454,543,18,0,0,0,27,0,0,0
0,0,0,0,0,0,5434,545,105,0,1,2,119,0,0,0
0,0,0,0,0,0,5429,541,40,0,0,3,47,0,1,0
0,0,0,0,0,0,5449,548,72,0,0,1,71,1,0,0
0,0,0,0,0,0,5486,527,26,0,2,0,28,0,0,0
0,0,0,0,0,0,5456,548,391,0,7,1,438,3,9,1
1,0,1,1,0,0,5395,555,384,0,10,2,533,1,6,3
1,0,1,1,0,0,5367,544,125,0,2,0,196,0,2,0
0,0,0,0,0,0,5474,530,135,0,2,1,163,1,3,1
0,0,0,0,0,0,5490,537,6,0,0,0,14,1,1,0
0,0,0,0,0,0,5497,529,80,0,3,1,59,1,1,1
0,0,0,0,0,0,5487,530,48,0,0,0,39,0,0,0
0,0,0,0,0,0,5485,535,5,0,1,0,2,0,0,0
0,0,0,0,0,0,5454,545,13,0,0,2,5,0,1,0
0,0,0,0,0,0,5438,546,7,0,0,0,8,0,0,0
1,0,1,1,0,0,5475,523,215,0,4,0,305,3,5,2
0,0,0,0,0,0,5456,529,58,0,0,2,33,0,0,0
0,0,0,0,0,0,5433,550,24,0,1,0,17,1,0,0
0,0,0,0,0,0,5401,554,259,0,3,1,327,1,2,0
0,0,0,0,0,0,5434,547,46,0,0,1,52,0,0,1
0,0,0,0,0,0,5436,540,33,0,0,1,38,0,1,0
1,0,1,1,0,0,5461,517,71,0,0,1,80,0,1,1
0,0,0,0,0,0,5453,525,134,0,3,3,165,3,2,0
0,0,0,0,0,0,5442,550,185,0,1,1,237,2,3,3
0,0,0,0,0,0,5402,546,5,0,0,0,2,0,0,0
0,0,0,0,0,0,5482,539,18,0,0,0,33,0,0,0
1,0,1,1,0,0,5468,543,8,0,0,0,5,0,0,0
1,0,1,1,0,0,5495,531,292,0,4,2,318,1,6,0
0,0,0,0,0,0,5449,544,31,0,1,0,27,0,0,0
1,0,1,1,0,0,5455,529,308,0,4,4,427,2,5,2
1,0,1,1,0,1,5513,541,298,0,3,2,463,4,7,1
0,0,0,0,0,0,5407,538,60,0,1,0,54,0,0,1
0,0,0,0,0,0,5379,573,21,0,2,0,21,1,1,0
0,0,0,0,0,0,5428,540,2,0,2,0,2,0,0,0
0,0,0,0,0,0,5450,517,161,0,6,0,222,0,2,1
0,0,0,0,0,0,5456,544,7,0,0,0,11,0,0,0
0,0,0,0,0,0,5443,550,4,0,0,0,4,0,0,0
2,0,2,2,2,0,5489,531,106,0,1,1,99,1,1,1
0,0,0,0,0,0,5533,529,49,0,1,0,22,0,0,0
0,0,0,0,0,0,5418,551,18,0,1,1,7,0,0,0
0,0,0,0,0,0,5436,541,1,0,0,0,1,0,0,0
0,0,0,0,0,0,5434,526,24,0,1,1,7,0,1,0
0,0,0,0,0,0,5424,527,3,0,0,0,0,0,0,0
0,0,0,0,0,0,5480,533,78,0,5,0,86,0,4,1
0,0,0,0,0,0,5454,531,89,0,2,1,74,1,2,0
0,0,0,0,0,0,5496,534,14,0,1,0,15,0,0,1
0,0,0,0,0,0,5467,531,225,0,4,0,279,2,1,3
0,0,0,0,0,0,5496,511,3,0,0,0,1,0,0,0
0,0,0,0,0,0,5498,531,231,0,6,3,254,4,4,1
0,0,0,0,0,0,5456,543,201,0,4,0,211,2,8,1
0,0,0,0,0,0,5456,537,17,0,1,1,8,0,0,0
0,0,0,0,0,0,5446,525,48,0,1,0,37,1,1,0
0,0,0,0,0,0,5466,540,4,0,0,1,2,0,0,0
0,0,0,0,0,0,5455,526,4,0,0,0,1,0,0,0
0,0,0,0,0,0,5518,532,22,0,0,0,12,0,0,0
0,0,0,0,0,0,5489,542,157,0,0,1,144,3,0,2
0,0,0,0,0,0,5472,552,32,0,2,0,23,0,0,0
0,0,0,0,0,0,5458,525,4,0,0,0,0,0,0,0
1,0,1,1,0,0,5458,542,259,0,4,2,317,1,4,2
0,0,0,0,0,0,5473,534,440,0,8,1,486,4,5,3
0,0,0,0,0,0,5479,536,7,0,0,0,4,0,0,0
0,0,0,0,0,0,5444,507,3,0,1,0,2,0,0,0
0,0,0,0,0,0,5502,547,3,0,0,1,0,0,0,0
0,0,0,0,0,0,5438,539,18,0,1,0,14,0,1,0
0,0,0,0,0,0,5478,535,5,0,0,0,2,0,0,0
0,0,0,0,0,0,5447,538,2,0,0,0,1,0,0,0
0,0,0,0,0,0,5491,545,2,0,0,1,0,0,0,0
0,0,0,0,0,0,5445,538,110,0,2,1,103,0,0,0
1,0,1,1,0,0,5479,522,228,0,3,2,239,2,2,0
0,0,0,0,0,0,5493,517,11,0,0,0,10,0,0,0
1,0,1,1,0,0,5453,524,188,0,4,0,257,2,5,1
0,0,0,0,0,0,5401,553,2,0,0,1,0,0,0,0
0,0,0,0,0,0,5401,548,86,0,0,2,71,0,1,0
0,0,0,0,0,0,5466,537,7,0,0,1,9,0,0,0
0,0,0,0,0,0,5523,544,5,0,0,0,2,0,0,0
0,0,0,0,0,0,5457,525,108,0,5,1,66,0,3,1
0,0,0,0,0,0,5437,548,50,0,3,0,36,0,1,0
0,0,0,0,0,0,5424,539,36,0,1,0,26,2,2,1
0,0,0,0,0,0,5444,549,19,0,2,1,10,1,1,0
0,0,0,0,0,0,5449,558,242,0,6,3,286,2,2,1
0,0,0,0,0,0,5435,544,4,0,0,0,0,0,1,0
0,0,0,0,0,0,5414,553,198,0,0,2,264,0,4,0
0,0,0,0,0,0,5480,542,1,0,0,0,1,0,0,0
0,0,0,0,0,0,5485,530,23,0,0,0,26,0,1,0
0,0,0,0,0,0,5431,560,329,0,7,0,443,1,9,1
0,0,0,0,0,0,5474,538,6,0,1,0,2,0,0,0
0,0,0,0,0,0,5458,529,91,0,2,1,102,0,0,0
0,0,0,0,0,0,5424,551,5,0,1,0,4,0,0,0
0,0,0,0,0,0,5439,537,109,0,3,1,165,4,3,2
0,0,0,0,0,0,5438,554,62,0,0,0,69,0,3,0
0,0,0,0,0,0,5400,531,4,0,2,0,1,0,0,0
0,0,0,0,0,0,5438,533,229,0,2,0,383,1,6,0
0,0,0,0,0,0,5506,537,149,0,6,2,157,2,2,1
0,0,0,0,0,0,5510,544,1,0,0,0,1,0,0,0
0,0,0,0,0,0,5523,532,0,0,1,0,0,0,0,0
1,0,1,1,1,0,5429,538,164,0,3,7,179,0,1,0
0,0,0,0,0,0,5509,534,183,0,5,0,178,0,2,0
0,0,0,0,0,0,5529,515,0,0,0,0,0,0,0,0
0,0,0,0,0,0,5404,572,12,0,0,0,19,0,0,0
1,0,1,1,0,1,5433,526,228,0,4,3,253,1,2,0
0,0,0,0,0,0,5473,526,10,0,0,0,2,0,0,0
0,0,0,0,0,0,5440,555,3,0,0,0,3,0,0,0
0,0,0,0,0,0,5409,534,13,0,0,0,20,0,0,0
0,0,0,0,0,0,5462,542,248,0,2,3,307,5,5,1
1,0,1,1,0,0,5472,540,21,0,1,1,26,2,0,0
0,0,0,0,0,0,5462,524,3,0,1,0,3,0,0,0
1,0,1,1,0,0,5471,535,276,0,5,2,306,2,1,1
0,0,0,0,0,0,5469,549,7,0,1,1,5,0,0,0
0,0,0,0,0,0,5476,524,45,0,0,1,70,2,0,1
0,0,0,0,0,0,5472,529,66,0,1,0,57,0,0,0
0,0,0,0,0,0,5507,544,15,0,1,0,10,0,0,0
0,0,0,0,0,0,5484,544,6,0,2,0,1,0,0,0
1,0,1,1,0,0,5512,529,327,0,11,3,409,2,1,2
0,0,0,0,0,0,5440,527,160,0,4,2,185,1,1,1
0,0,0,0,0,0,5443,542,134,0,2,1,170,0,3,0
0,0,0,0,0,0,5506,534,52,0,2,0,58,0,0,0
0,0,0,0,0,0,5477,528,4,0,0,0,0,0,0,0
0,0,0,0,0,0,5480,542,20,0,0,0,12,0,0,0
0,0,0,0,0,0,5489,549,40,0,1,1,25,0,1,0
0,0,0,0,0,0,5498,539,20,0,1,0,11,1,1,0
1,0,1,1,1,0,5472,545,108,0,1,1,156,3,1,1
0,0,0,0,0,0,5392,542,23,0,1,1,14,0,0,0
0,0,0,0,0,0,5420,542,162,0,4,1,159,1,0,1
0,0,0,0,0,0,5427,519,50,0,1,1,65,1,1,0
0,0,0,0,0,0,5428,546,164,0,3,0,187,0,3,0
0,0,0,0,0,0,5448,529,167,0,2,1,242,1,4,1
0,0,0,0,0,0,5418,512,7,0,0,0,3,0,1,0
1,0,1,1,0,0,5393,540,343,0,10,2,412,1,5,3
0,0,0,0,0,0,5453,539,64,0,0,0,41,0,2,0
2,0,2,2,0,0,5416,534,303,0,3,6,294,4,7,1
0,0,0,0,0,0,5495,520,13,0,0,0,8,0,1,0
0,0,0,0,0,0,5463,545,131,0,1,2,231,1,3,1
0,0,0,0,0,0,5433,545,121,0,2,3,199,2,1,3
0,0,0,0,0,0,5479,551,5,0,1,1,3,0,0,0
0,0,0,0,0,0,5486,544,3,0,1,0,1,0,0,0
0,0,0,0,0,0,5410,544,42,0,1,2,40,3,1,0
0,0,0,0,0,0,5462,543,285,0,5,4,380,1,5,2
0,0,0,0,0,0,5497,546,8,0,1,1,6,0,0,0
0,0,0,0,0,0,5442,546,10,0,2,0,8,0,0,0
0,0,0,0,0,0,5531,529,47,0,1,2,40,1,0,0
0,0,0,0,0,0,5458,524,60,0,2,2,62,0,0,0
0,0,0,0,0,0,5482,525,43,0,0,0,34,0,1,1
1,0,1,1,1,0,5426,535,123,0,4,0,125,1,2,0
0,0,0,0,0,0,5462,535,258,0,1,2,339,2,1,1
0,0,0,0,0,0,5475,540,119,1,0,2,121,0,1,1
0,0,0,0,0,0,5441,553,13,0,0,1,2,1,0,0
0,0,0,0,0,0,5434,542,15,0,0,0,16,0,0,0
0,0,0,0,0,0,5493,531,125,0,2,0,134,0,1,0
0,0,0,0,0,0,5427,554,29,0,3,0,30,1,1,0
0,0,0,0,0,0,5414,546,196,0,3,3,295,4,4,4
0,0,0,0,0,0,5508,546,209,0,5,1,279,3,4,2
0,0,0,0,0,0,5495,528,111,0,1,0,171,2,2,0
1,0,1,1,1,0,5478,534,154,0,3,0,170,2,3,1
0,0,0,0,0,0,5498,538,20,0,0,0,11,0,0,0
0,0,0,0,0,0,5487,558,12,0,1,0,6,0,0,0
0,0,0,0,0,0,5442,508,18,0,2,2,12,0,0,0
1,0,1,1,0,0,5471,539,425,0,8,2,478,1,5,3
0,0,0,0,0,0,5440,528,171,0,4,0,287,1,3,1
0,0,0,0,0,0,5447,542,4,0,0,0,6,0,0,0
1,0,1,1,0,0,5504,531,175,0,4,4,175,1,2,2
0,0,0,0,0,0,5510,546,5,0,1,0,8,0,0,0
0,0,0,0,0,0,5432,525,5,0,1,0,1,0,0,0
0,0,0,0,0,0,5425,536,11,0,0,0,17,0,0,0
0,0,0,0,0,0,5443,531,16,0,0,0,16,2,0,1
0,0,0,0,0,0,5503,534,9,0,0,1,4,0,0,0
2,0,2,2,0,1,5454,534,229,0,9,4,236,3,5,0
0,0,0,0,0,0,5484,537,1,0,1,0,5,0,0,0
0,0,0,0,0,0,5417,547,119,0,1,1,126,0,1,1
0,0,0,0,0,0,5462,529,212,0,3,2,221,1,1,0
0,0,0,0,0,0,5470,541,121,0,2,1,171,1,2,3
0,0,0,0,0,0,5445,549,12,0,1,0,6,0,0,0
0,0,0,0,0,0,5459,545,285,0,6,1,256,0,3,2
0,0,0,0,0,0,5514,533,97,0,3,1,88,1,2,1
1,0,1,1,1,0,5399,536,102,0,1,0,148,0,1,1
1,0,1,1,1,0,5416,533,96,0,3,1,141,1,0,1
0,0,0,0,0,0,5468,526,1,0,0,0,1,0,0,0
1,0,1,1,0,0,5424,535,413,0,8,5,504,7,3,4
0,0,0,0,0,0,5487,530,19,0,2,0,13,0,0,0
1,0,1,1,0,0,5412,536,308,0,6,3,405,7,9,0
0,0,0,0,0,0,5397,534,14,0,1,0,6,0,0,0
0,0,0,0,0,0,5433,535,217,0,5,2,209,6,3,1
0,0,0,0,0,0,5460,524,11,0,2,0,1,0,0,0
0,0,0,0,0,0,5480,529,3,0,0,0,0,0,0,0
5,0,5,5,1,0,5448,544,336,0,5,2,513,3,4,3
0,0,0,0,0,0,5505,528,221,0,5,3,219,2,5,1
0,0,0,0,0,0,5461,523,2,0,0,0,0,0,0,0
0,0,0,0,0,0,5446,541,52,0,2,1,35,0,0,0
0,0,0,0,0,0,5390,544,0,0,0,0,0,0,0,0
0,0,0,0,0,0,5393,546,3,0,0,0,3,0,0,0
0,0,0,0,0,0,5454,532,3,0,0,0,2,0,0,0
0,0,0,0,0,0,5439,516,37,0,2,3,31,1,0,0
0,0,0,0,0,0,5427,522,12,0,2,0,4,0,0,0
0,0,0,0,0,0,5440,542,20,0,0,0,18,1,0,0
0,0,0,0,0,0,5459,551,226,0,1,0,309,0,1,2
0,0,0,0,0,0,5445,553,79,0,0,1,104,2,2,1
0,0,0,0,0,0,5493,545,30,0,2,0,11,0,0,2
0,0,0,0,0,0,5400,528,5,0,0,0,3,0,0,0
0,0,0,0,0,0,5503,535,348,0,3,3,438,1,6,1
0,0,0,0,0,0,5415,553,47,0,0,1,65,0,1,0
0,0,0,0,0,0,5444,538,167,0,3,2,214,0,3,1
0,0,0,0,0,0,5438,535,53,0,2,3,34,0,1,1
0,0,0,0,0,0,5473,533,219,0,2,0,294,2,8,2
1,0,1,1,0,0,5456,521,214,0,3,0,286,0,2,1
0,0,0,0,0,0,5461,524,17,0,0,0,10,0,0,0
0,0,0,0,0,0,5418,556,29,0,1,1,17,1,1,0
0,0,0,0,0,0,5391,546,127,0,3,1,182,2,1,3
0,0,0,0,0,0,5418,557,202,0,4,1,309,1,0,2
0,0,0,0,0,0,5459,541,100,0,2,0,113,0,1,0
0,0,0,0,0,0,5443,543,10,0,0,0,8,0,0,0
0,0,0,0,0,0,5540,533,13,0,2,0,4,0,1,1
0,0,0,0,0,0,5375,541,2,0,0,0,0,0,0,0
1,0,1,1,0,0,5497,522,212,0,2,3,278,0,6,2
0,0,0,0,0,0,5481,559,6,0,0,1,1,0,1,0
0,0,0,0,0,0,5428,539,12,0,0,0,13,0,0,1
0,0,0,0,0,0,5466,517,19,0,2,0,16,0,0,0
0,0,0,0,0,0,5477,540,25,0,1,0,11,0,0,0
0,0,0,0,0,0,5442,546,41,0,1,0,27,0,1,2
3,0,3,3,1,0,5455,534,365,0,9,3,354,2,3,3
0,0,0,0,0,0,5440,551,0,0,0,0,1,0,1,0
0,0,0,0,0,0,5442,558,76,0,0,3,100,0,0,0
2,0,2,2,0,0,5444,534,170,0,3,0,189,5,2,0
0,0,0,0,0,0,5419,548,3,0,0,0,0,0,0,0
0,0,0,0,0,0,5450,553,13,0,0,0,12,0,0,0
2,0,2,2,0,0,5416,524,153,0,2,1,220,2,6,0
0,0,0,0,0,0,5499,541,211,0,6,0,257,1,3,5
0,0,0,0,0,0,5443,537,45,0,1,2,66,1,0,1
0,0,0,0,0,0,5442,534,8,0,0,0,4,0,0,0
0,0,0,0,0,0,5462,549,7,0,0,0,2,0,0,0
0,0,0,0,0,0,5549,534,42,0,2,0,52,0,0,0
0,0,0,0,0,0,5432,537,240,0,2,1,355,2,5,2
0,0,0,0,0,0,5453,541,3,0,0,0,2,0,0,0
0,0,0,0,0,0,5479,551,89,0,1,2,110,0,0,0
0,0,0,0,0,0,5500,523,16,0,1,0,7,0,0,0
0,0,0,0,0,0,5489,548,7,0,2,1,7,1,0,0
0,0,0,0,0,0,5432,538,210,0,5,0,337,0,2,0
0,0,0,0,0,0,5502,519,0,0,0,0,1,0,0,0
0,0,0,0,0,0,5484,524,144,0,5,2,134,0,1,2
0,0,0,0,0,0,5443,579,8,0,0,0,5,0,0,1
1,0,1,1,0,1,5489,541,103,0,1,2,97,0,1,1
0,0,0,0,0,0,5495,546,4,0,0,0,3,0,1,0
0,0,0,0,0,0,5469,545,215,0,5,0,268,0,6,0
0,0,0,0,0,0,5434,530,78,0,0,1,84,0,0,1
0,0,0,0,0,0,5448,545,6,0,2,0,5,0,0,0
0,0,0,0,0,0,5505,544,4,0,0,0,0,0,0,0
0,0,0,0,0,0,5476,541,250,0,7,1,278,0,5,3
0,0,0,0,0,0,5435,536,31,0,3,0,17,0,0,1
0,0,0,0,0,0,5457,532,48,0,0,1,40,2,1,1
0,0,0,0,0,0,5489,540,20,0,3,0,14,2,1,0
0,0,0,0,0,0,5498,528,312,0,3,1,341,1,6,2
0,0,0,0,0,0,5505,539,189,0,3,3,270,0,3,0
0,0,0,0,0,0,5455,550,145,0,4,3,137,1,2,2
0,0,0,0,0,0,5452,550,122,0,1,0,126,0,0,0
0,0,0,0,0,0,5473,533,178,0,0,2,208,0,3,1
0,0,0,0,0,0,5475,556,121,0,3,0,233,2,6,0
0,0,0,0,0,0,5482,549,9,0,0,0,7,0,0,0
0,0,0,0,0,0,5522,511,162,0,2,0,180,0,0,0
0,0,0,0,0,0,5426,546,64,0,1,0,65,0,1,0
0,0,0,0,0,0,5464,508,230,0,5,1,366,0,8,2
0,0,0,0,0,0,5459,518,68,0,0,0,101,0,1,0
0,0,0,0,0,0,5533,529,2,0,0,0,1,0,0,0
0,0,0,0,0,0,5426,535,16,0,0,0,7,1,1,0
1,0,1,1,0,1,5482,539,407,0,6,1,620,1,9,4
0,0,0,0,0,0,5453,534,2,0,0,0,3,0,0,0
0,0,0,0,0,0,5457,531,1,0,0,0,0,0,1,0
0,0,0,0,0,0,5487,541,1,0,1,0,1,1,1,0
0,0,0,0,0,0,5482,528,10,0,2,0,5,0,0,0
0,0,0,0,0,0,5494,535,5,0,1,0,4,0,0,0
0,0,0,0,0,0,5439,528,12,0,0,0,19,0,0,0
0,0,0,0,0,0,5522,546,104,0,2,3,87,3,2,1
0,0,0,0,0,0,5502,530,170,0,2,2,212,0,4,1
0,0,0,0,0,0,5497,532,149,0,2,1,176,0,0,4
0,0,0,0,0,0,5438,543,78,0,2,1,80,0,0,1
0,0,0,0,0,0,5487,534,220,0,6,0,208,3,2,1
0,0,0,0,0,0,5449,550,143,0,2,0,149,2,2,1
2,0,2,2,1,0,5462,543,152,0,4,1,223,1,1,0
1,0,1,1,0,0,5510,530,184,0,1,0,251,0,3,0
0,0,0,0,0,0,5455,532,29,0,0,1,20,0,0,0
1,0,1,1,0,0,5463,535,179,0,5,2,255,1,4,1
0,0,0,0,0,0,5501,544,14,0,1,0,18,0,0,0
0,0,0,0,0,0,5493,537,44,0,2,0,27,0,1,0
1,0,1,1,0,0,5482,552,269,0,7,1,327,1,8,2
0,0,0,0,0,0,5480,539,4,0,1,0,8,1,0,0
0,0,0,0,0,0,5447,550,4,0,0,0,1,0,0,0
0,0,0,0,0,0,5413,557,54,0,1,0,34,1,0,2
0,0,0,0,0,0,5490,528,52,0,1,0,40,0,1,0
0,0,0,0,0,0,5489,534,10,0,1,0,2,0,0,0
0,0,0,0,0,0,5495,551,123,0,4,1,225,1,1,1
0,0,0,0,0,0,5444,536,217,0,2,2,302,0,7,0
0,0,0,0,0,0,5516,533,0,0,0,0,2,0,0,0
0,0,0,0,0,0,5479,539,8,0,0,1,2,0,0,0
0,0,0,0,0,0,5486,547,159,0,2,0,226,1,5,1
0,0,0,0,0,0,5493,536,2,0,0,0,0,0,0,0
1,0,1,1,0,0,5517,530,319,0,6,3,360,1,5,5
0,0,0,0,0,0,5453,531,15,0,0,0,14,0,1,0
0,0,0,0,0,0,5507,532,169,0,2,0,241,2,4,1
0,0,0,0,0,0,5503,543,137,0,5,0,205,0,3,1
0,0,0,0,0,0,5373,549,19,0,2,1,11,0,0,0
1,0,1,1,1,0,5498,526,171,0,2,1,242,0,2,0
0,0,0,0,0,0,5476,538,101,0,2,3,130,0,1,1
0,0,0,0,0,0,5475,539,0,0,0,0,2,0,0,0
0,0,0,0,0,0,5468,556,226,0,3,1,246,0,3,1
0,0,0,0,0,0,5456,559,245,0,6,1,220,1,2,0
0,0,0,0,0,0,5422,544,76,0,3,2,60,1,1,1
0,0,0,0,0,0,5491,515,50,0,0,2,68,0,0,0
0,0,0,0,0,0,5451,547,9,0,0,0,7,0,1,1
1,0,1,1,1,0,5465,532,122,0,3,1,134,0,2,1
0,0,0,0,0,0,5456,530,73,0,1,0,84,0,1,1
0,0,0,0,0,0,5479,526,52,0,0,1,37,1,3,2
0,0,0,0,0,0,5443,552,5,0,0,0,7,0,0,0
0,0,0,0,0,0,5411,545,0,0,0,0,3,0,0,0
0,0,0,0,0,0,5459,527,14,0,0,0,9,0,0,0
1,0,1,1,0,0,5527,560,71,0,1,1,64,0,0,0
0,0,0,0,0,0,5490,555,6,0,1,0,0,0,2,0
0,0,0,0,0,0,5524,515,275,0,6,3,365,2,2,1
0,0,0,0,0,0,5393,563,125,0,2,0,112,3,0,1
1,0,1,1,0,0,5421,527,87,0,0,0,141,1,1,0
0,0,0,0,0,0,5453,535,9,0,0,0,5,0,0,0
1,0,1,1,0,0,5460,529,93,0,1,0,96,1,4,1
0,0,0,0,0,0,5531,524,70,0,1,0,111,0,2,2
0,0,0,0,0,0,5424,543,57,0,1,0,61,0,0,1
0,0,0,0,0,0,5459,535,267,0,3,0,333,1,3,2
0,0,0,0,0,0,5461,528,8,0,0,0,0,0,1,0
0,0,0,0,0,0,5428,527,0,0,0,0,1,0,0,0
1,0,1,1,0,0,5444,544,128,0,3,1,104,0,2,0
0,0,0,0,0,0,5504,536,2,0,0,0,0,0,0,0
0,0,0,0,0,0,5471,531,30,0,1,0,29,0,0,1
0,0,0,0,0,0,5493,536,232,0,1,2,293,0,4,2
0,0,0,0,0,0,5441,522,34,0,1,0,63,0,0,0
0,0,0,0,0,0,5433,530,53,0,2,1,55,1,1,0
0,0,0,0,0,0,5410,516,6,0,0,0,2,0,0,0
0,0,0,0,0,0,5446,522,150,0,3,2,129,0,3,0
0,0,0,0,0,0,5469,547,86,0,2,1,68,0,0,1
0,0,0,0,0,0,5461,551,66,0,1,0,83,0,2,1
0,0,0,0,0,0,5526,535,41,0,0,0,69,2,2,0
0,0,0,0,0,0,5429,534,2,0,0,1,2,0,0,0
0,0,0,0,0,0,5471,521,145,0,4,1,253,2,2,1
0,0,0,0,0,0,5487,534,9,0,0,0,8,0,0,0
